{"cameraMode":{"drawMode":0,"name":"Shaded","section":"Shading Mode"},"sceneLighting":true,"audioPlay":false,"sceneViewState":{"m_AlwaysRefresh":false,"showFog":true,"showSkybox":true,"showFlares":true,"showImageEffects":true,"showParticleSystems":true,"showVisualEffectGraphs":true,"m_FxEnabled":true},"in2DMode":false,"pivot":{"x":-5.065329074859619,"y":4.675929069519043,"z":3.6958847045898439},"rotation":{"x":0.17149223387241364,"y":0.0720251202583313,"z":-0.01258398313075304,"w":0.9824880361557007},"size":22.961503982543947,"orthographic":false}